"TABLA 22:  ""INGRESOS, TRIBUTOS Y DESCUENTOS""",,,,,,,,,,,,,,,,,,
CÓDIGO,"DESCRIPCIÓN DE LOS INGRESOS, TRIBUTOS Y DESCUENTOS",EMPLEADOR,,,,,,,,TRABAJADOR,,,,,PENSIONISTA,,,
,,ESSALUD SEGURO REGULAR TRABAJADOR,ESSALUD - CBSSP - SEG TRAB PESQUERO,ESSALUD SEGURO AGRARIO / ACUICULTOR,ESSALUD SCTR,IMPUESTO EXTRAORD. DE SOLIDARIDAD (8),FONDO DERECHOS SOCIALES DEL ARTISTA,SENATI,FONDO COMP JUB TRAB PESQUERO,SISTEMA NACIONAL DE PENSIONES 19990,SISTEMA PRIVADO DE PENSIONES,"FONDO COMPL DE JUBIL MIN, MET Y SIDER (1)",RÉG.ESP. PENSIONES   TRAB. PESQUERO,RENTA 5TA CATEGORÍA RETENCIONES,ESSALUD SEGURO REGULAR PENSIONISTA,CONTRIB. SOLIDARIA ASISTENCIA PREVIS.,,
100,INGRESOS,,,,,,,,,,,,,,,,,
101,ALIMENTACIÓN PRINCIPAL EN DINERO,SI,SI,SI,SI,SI,SI,SI,SI,SI,SI,SI,SI,SI,NO,NO,,
102,ALIMENTACIÓN PRINCIPAL EN ESPECIE,SI,SI,SI,SI,SI,SI,SI,SI,SI,SI,SI,SI,SI,NO,NO,,
103,COMISIONES O DESTAJO,SI,SI,SI,SI,SI,SI,SI,SI,SI,SI,SI,SI,SI,NO,NO,,
104,COMISIONES EVENTUALES A TRABAJADORES,SI,SI,SI,SI,SI,SI,SI,SI,SI,SI,SI,SI,SI,NO,NO,,
105,TRABAJO EN SOBRETIEMPO (HORAS EXTRAS) 25%,SI,SI,SI,SI,SI,SI,SI,SI,SI,SI,SI,SI,SI,NO,NO,,
106,TRABAJO EN SOBRETIEMPO (HORAS EXTRAS) 35%,SI,SI,SI,SI,SI,SI,SI,SI,SI,SI,SI,SI,SI,NO,NO,,
107,TRABAJO EN DÍA FERIADO O DÍA DE DESCANSO,SI,SI,SI,SI,SI,SI,SI,SI,SI,SI,SI,SI,SI,NO,NO,,
108,INCREMENTO EN SNP 3.3 %,SI,SI,SI,SI,SI,SI,SI,NO,SI,SI,SI,NO,SI,NO,NO,,
109,INCREMENTO POR AFILIACIÓN A AFP 10.23%,SI,SI,SI,SI,SI,SI,SI,SI,NO,SI,SI,NO,SI,NO,NO,,
110,INCREMENTO POR AFILIACIÓN A AFP 3.00%,SI,SI,SI,SI,SI,SI,SI,SI,NO,SI,SI,NO,NO,NO,NO,,
111,PREMIOS POR VENTAS,SI,SI,SI,SI,SI,SI,SI,SI,SI,SI,SI,SI,SI,NO,NO,,
112,PRESTACIONES ALIMENTARIAS - SUMINISTROS DIRECTOS,SI,SI,SI,SI,NO,SI,SI,SI,SI,SI,SI,SI,SI,NO,NO,,
113,PRESTACIONES ALIMENTARIAS - SUMINISTROS INDIRECTOS,NO,NO,NO,NO,NO,NO,NO,SI,NO,NO,NO,SI,SI,NO,NO,,
114,VACACIONES TRUNCAS,SI,SI,SI,SI,SI,SI,SI,SI,SI,SI,SI,SI,SI,NO,NO,,
115,REMUNERACIÓN DÍA DE DESCANSO Y FERIADOS (INCLUIDA LA DEL 1° DE MAYO),SI,SI,SI,SI,SI,SI,SI,SI,SI,SI,SI,SI,SI,NO,NO,,
116,REMUNERACIÓN EN ESPECIE,SI,SI,SI,NO,NO,SI,SI,SI,SI,NO,SI,SI,SI,NO,NO,,
117,COMPENSACIÓN VACACIONAL,SI,SI,SI,SI,SI,SI,SI,SI,SI,SI,SI,SI,SI,NO,NO,,
118,REMUNERACIÓN VACACIONAL,SI,SI,SI,SI,SI,SI,SI,SI,SI,SI,SI,SI,SI,NO,NO,,
119,REMUNERACIONES DEVENGADAS,SI,SI,SI,SI,SI,SI,SI,SI,SI,SI,SI,SI,SI,NO,NO,,
120,SUBVENCIÓN ECONÓMICA MENSUAL (PRACTICANTE SENATI),Si,NO,NO,SI,NO,NO,NO,NO,SI,NO,NO,NO,NO,NO,NO,,
121,REMUNERACIÓN O JORNAL BÁSICO,SI,SI,SI,SI,SI,SI,SI,SI,SI,SI,SI,SI,SI,NO,NO,,
122,REMUNERACIÓN PERMANENTE,SI,SI,SI,SI,SI,SI,SI,SI,SI,SI,SI,SI,SI,NO,NO,,
123,REMUNERACIÓN DE LOS SOCIOS DE COOPERATIVAS,SI,SI,SI,SI,SI,SI,SI,SI,SI,SI,SI,SI,SI,NO,NO,,
124,REMUNERACIÓN POR LA HORA DE PERMISO POR LACTANCIA,SI,SI,SI,SI,SI,SI,SI,SI,SI,SI,SI,SI,NO,NO,NO,,
125,REMUNERACIÓN INTEGRAL ANUAL - CUOTA,SI,SI,SI,SI,SI,SI,SI,SI,SI,SI,SI,SI,SI,NO,NO,,
126,INGRESOS DEL CONDUCTOR DE LA MICROEMPRESA AFILIADO AL SIS,NO,NO,NO,NO,NO,NO,NO,NO,SI,SI,NO,NO,NO,NO,NO,,
127,INGRESOS DEL CONDUCTOR DE LA MICROEMPRESA - SEGURO REGULAR,SI,NO,NO,SI,NO,NO,NO,NO,SI,SI,NO,NO,NO,NO,NO,,
128,RENUNERACIÓN QUE EXCEDE EL VALOR DE MERCADO (DIVIDENDOS),SI,SI,SI,SI,SI,SI,SI,SI,SI,SI,SI,SI,NO,NO,NO,Incorporado en la Versión 3.6 del PDT PLAME,
129,ESTIPENDIO MENSUAL INTERNO CIENCIAS DE LA SALUD,SI,NO,NO,SI,NO,NO,NO,NO,NO,NO,NO,NO,NO,NO,NO,,
200,INGRESOS: ASIGNACIONES,,,,,,,,,,,,,,,,,
201,ASIGNACIÓN FAMILIAR,SI,SI,SI,SI,SI,SI,SI,SI,SI,SI,SI,SI,SI,NO,NO,,
202,ASIGNACIÓN O BONIFICACIÓN POR EDUCACIÓN (1),NO,NO,NO,NO,NO,NO,NO,SI,NO,NO,NO,SI,SI,NO,NO,,
203,ASIGNACIÓN POR CUMPLEAÑOS,NO,NO,NO,NO,NO,NO,NO,SI,NO,NO,NO,SI,SI,NO,NO,,
204,ASIGNACIÓN POR MATRIMONIO,NO,NO,NO,NO,NO,NO,NO,SI,NO,NO,NO,SI,SI,NO,NO,,
205,ASIGNACIÓN  POR NACIMIENTO DE HIJOS,NO,NO,NO,NO,NO,NO,NO,SI,NO,NO,NO,SI,SI,NO,NO,,
206,ASIGNACIÓN POR FALLECIMIENTO DE FAMILIARES,NO,NO,NO,NO,NO,NO,NO,SI,NO,NO,NO,SI,SI,NO,NO,,
207,ASIGNACIÓN POR OTROS MOTIVOS PERSONALES (2),SI,SI,SI,SI,SI,SI,SI,SI,SI,SI,SI,SI,SI,NO,NO,,
208,ASIGNACIÓN POR FESTIVIDAD,NO,NO,NO,NO,NO,NO,NO,SI,NO,NO,NO,SI,SI,NO,NO,,
209,ASIGNACIÓN PROVISIONAL POR DEMANDA DE TRABAJADOR DESPEDIDO,NO,NO,NO,NO,NO,NO,NO,SI,NO,NO,NO,SI,NO,NO,NO,,
210,ASIGNACIÓN VACACIONAL,SI,SI,SI,SI,SI,SI,SI,SI,SI,SI,SI,SI,SI,NO,NO,,
211,ASIGNACIÓN POR ESCOLARIDAD 30 JORNALES BASICOS/AÑO,NO,NO,NO,NO,NO,NO,NO,SI,NO,NO,NO,SI,SI,NO,NO,,
212,ASIGNACIONES OTORGADAS POR ÚNICA VEZ CON MOTIVO DE CIERTAS CONTINGENCIAS,NO,NO,NO,NO,NO,NO,NO,SI,NO,NO,NO,SI,SI,NO,NO,,
213,ASIGNACIONES OTORGADAS REGULARMENTE,SI,SI,SI,SI,SI,SI,SI,SI,SI,SI,SI,SI,SI,NO,NO,,
214,ASIGNACIÓN POR FALLECIMIENTO 1 UIT,NO,NO,NO,NO,NO,NO,NO,SI,NO,NO,NO,SI,NO,NO,NO,,
300,INGRESOS: BONIFICACIONES,,,,,,,,,,,,,,,,,
301,BONIFICACIÓN POR 25 Y 30 AÑOS DE SERVICIOS,SI,SI,SI,SI,NO,SI,SI,SI,SI,SI,SI,SI,SI,NO,NO,,
302,BONIFICACIÓN POR CIERRE DE PLIEGO,NO,NO,NO,NO,NO,NO,NO,SI,NO,NO,NO,SI,SI,NO,NO,,
303,"BONIFICACIÓN POR PRODUCCIÓN, ALTURA, TURNO, ETC.",SI,SI,SI,SI,SI,SI,SI,SI,SI,SI,SI,SI,SI,NO,NO,,
304,BONIFICACIÓN POR RIESGO DE CAJA,SI,SI,SI,SI,SI,SI,SI,SI,SI,SI,SI,SI,SI,NO,NO,,
305,BONIFICACIONES POR TIEMPO DE SERVICIOS,SI,SI,SI,SI,SI,SI,SI,SI,SI,SI,SI,SI,SI,NO,NO,,
306,BONIFICACIONES REGULARES,SI,SI,SI,SI,SI,SI,SI,SI,SI,SI,SI,SI,SI,NO,NO,,
307,BONIFICACIONES CAFAE (3),NO,NO,NO,NO,NO,NO,NO,NO,NO,NO,NO,NO,NO,NO,NO,,
308,COMPENSACIÓN POR TRABAJOS EN DÍAS DE DESCANSO Y EN FERIADOS,SI,SI,SI,SI,SI,SI,SI,SI,SI,SI,SI,SI,SI,NO,NO,,
309,BONIFICACIÓN POR TURNO NOCTURNO 20% JORNAL BASICO,SI,NO,NO,SI,SI,SI,SI,SI,SI,SI,SI,SI,SI,NO,NO,,
310,BONIFICACIÓN CONTACTO DIRECTO CON AGUA 20% JORNAL BÁSICO,SI,NO,NO,SI,SI,SI,SI,SI,SI,SI,SI,SI,SI,NO,NO,,
311,BONIFICACION UNIFICADA DE CONSTRUCCIÓN,SI,NO,NO,SI,SI,NO,SI,NO,SI,SI,NO,NO,SI,NO,NO,,
312,BONIFICACIÓN EXTRAORDINARIA TEMPORAL – LEY 29351 Y 30334,NO,NO,NO,NO,NO,NO,NO,SI,NO,NO,NO,SI,SI,NO,NO,,
313,BONIFICACIÓN EXTRAORDINARIA PROPORCIONAL – LEY 29351 Y 30334,NO,NO,NO,NO,NO,NO,NO,SI,NO,NO,NO,SI,SI,NO,NO,,
314,BONIFICACIÓN ESPECIAL POR TRABAJO AGRARIO LEY 31110 – BETA,NO,NO,NO,NO,NO,NO,NO,NO,NO,NO,NO,NO,SI,NO,NO,,
400,INGRESOS: GRATIFICACIONES / AGUINALDOS,,,,,,,,,,,,,,,,,
401,GRATIFICACIONES DE FIESTAS PATRIAS Y NAVIDAD,SI,SI,SI,SI,SI,SI,SI,SI,SI,SI,SI,SI,SI,SI,SI,,
402,OTRAS GRATIFICACIONES ORDINARIAS,SI,SI,SI,SI,SI,SI,SI,SI,SI,SI,SI,SI,SI,SI,SI,,
403,GRATIFICACIONES EXTRAORDINARIAS,NO,NO,NO,NO,NO,NO,NO,SI,NO,NO,NO,SI,SI,NO,SI,,
404,AGUINALDOS DE JULIO Y DICIEMBRE,SI,SI,SI,SI,NO,SI,SI,SI,SI,SI,SI,SI,SI,SI,SI,,
405,GRATIFICACIONES PROPORCIONAL,SI,SI,SI,SI,NO,SI,SI,SI,SI,SI,SI,SI,SI,SI,SI,,
406,GRATIFICACIONES DE FIESTAS PATRIAS Y NAVIDAD – LEY 29351 Y 30334,NO,NO,NO,NO,NO,NO,NO,SI,NO,NO,NO,SI,SI,NO,NO,,
407,GRATIFICACIONES PROPORCIONAL – LEY 29351 Y 30334,NO,NO,NO,NO,NO,NO,NO,SI,NO,NO,NO,SI,SI,NO,NO,,
408,GRATIFIC FIESTAS PATRIAS Y NAVIDAD TRABAJ PESQ LEY 30334,NO,NO,NO,NO,NO,NO,NO,NO,NO,NO,NO,NO,SI,NO,NO,Incorporado en la Versión 3.0 del PDT PLAME,
409,GRATIFICACIONES PROPORCIONAL/TRUNCA TRABAJ PESQUEROS LEY 30334,NO,NO,NO,NO,NO,NO,NO,NO,NO,NO,NO,NO,SI,NO,NO,Incorporado en la Versión 3.0 del PDT PLAME,
410,GRATIF FORMA PARTE REMUNER EXCEDE VALOR DE MERCADO (DIVIDENDO),NO,NO,NO,NO,NO,NO,NO,NO,NO,NO,NO,NO,NO,NO,NO,Incorporado en la Versión 3.6 del PDT PLAME,
411,GRATIF PAGADAS INTERNOS SALUD DU 090-2020 Y OTROS NO GRAVADOS ESSALUD,NO,NO,NO,NO,NO,NO,NO,NO,NO,NO,NO,NO,NO,NO,NO,,
500,INGRESOS: INDEMNIZACIONES,,,,,,,,,,,,,,,,,
501,INDEMNIZACIÓN POR DESPIDO INJUSTIFICADO U HOSTILIDAD,NO,NO,NO,NO,NO,NO,NO,NO,NO,NO,NO,NO,NO,NO,NO,,
502,INDEMNIZACIÓN POR MUERTE O INCAPACIDAD,NO,NO,NO,NO,NO,NO,NO,NO,NO,NO,NO,NO,NO,NO,NO,,
503,INDEMNIZACIÓN POR RESOLUCIÓN DE CONTRATO SUJETO A MODALIDAD,NO,NO,NO,NO,NO,NO,NO,NO,NO,NO,NO,NO,NO,NO,NO,,
504,INDEMNIZACIÓN POR VACACIONES NO GOZADAS,NO,NO,NO,NO,NO,NO,NO,NO,NO,NO,NO,NO,NO,NO,NO,,
505,INDEMNIZACIÓN POR RETENCIÓN INDEBIDA DE CTS ART. 52 D.S Nº 001-97-TR,NO,NO,NO,NO,NO,NO,NO,NO,NO,NO,NO,NO,NO,NO,NO,,
506,INDEMNIZACIÓN POR NO REINCORPORAR A UN TRABAJADOR CESADO EN UN PROCEDIMIENTO DE CESE COLECTIVO - DS 001-96-TR,NO,NO,NO,NO,NO,NO,NO,NO,NO,NO,NO,NO,NO,NO,NO,,
507,INDEMNIZACIÓN POR REALIZAR HORAS EXTRAS IMPUESTAS POR EL EMPLEADOR,NO,NO,NO,NO,NO,NO,NO,NO,NO,NO,NO,NO,NO,NO,NO,,
900,CONCEPTOS VARIOS,,,,,,,,,,,,,,,,,
901,BIENES DE LA PROPIA EMPRESA OTORGADOS PARA EL CONSUMO DEL TRABAJADOR,NO,NO,NO,NO,NO,NO,NO,SI,NO,NO,NO,SI,SI,NO,NO,,
902,BONO DE PRODUCTIVIDAD,NO,NO,NO,NO,NO,NO,NO,SI,NO,NO,NO,SI,SI,NO,NO,,
903,CANASTA DE NAVIDAD O SIMILARES,NO,NO,NO,NO,NO,NO,NO,SI,NO,NO,NO,SI,SI,NO,NO,,
904,COMPENSACIÓN POR TIEMPO DE SERVICIOS,NO,NO,NO,NO,NO,NO,NO,NO,NO,NO,NO,NO,NO,NO,NO,,
905,"GASTOS DE REPRESENTACIÓN (MOVILIDAD, VESTUARIO, VIÁTICOS Y SIMILARES) - LIBRE DISPONIBILIDAD",SI,SI,SI,SI,SI,SI,SI,SI,SI,SI,SI,SI,SI,NO,NO,,
906,INCENTIVO POR CESE DEL TRABAJADOR (4),NO,NO,NO,NO,NO,NO,NO,SI,NO,NO,NO,SI,NO,NO,NO,,
907,LICENCIA CON GOCE DE HABER,SI,SI,SI,SI,SI,SI,SI,SI,SI,SI,SI,SI,SI,NO,NO,,
908,MOVILIDAD DE LIBRE DISPOSICIÓN,SI,SI,SI,SI,SI,SI,SI,SI,SI,SI,SI,SI,SI,NO,NO,,
909,MOVILIDAD SUPEDITADA A ASISTENCIA Y QUE CUBRE SÓLO EL TRASLADO,NO,NO,NO,NO,NO,NO,NO,SI,NO,NO,NO,SI,SI,NO,NO,,
910,PARTICIPACIÓN EN LAS UTILIDADES - PAGADAS ANTES DE LA DECLARACIÓN ANUAL DEL IMPUESTO A LA RENTA,NO,NO,NO,NO,NO,NO,NO,SI,NO,NO,NO,SI,SI,NO,NO,,
911,PARTICIPACIÓN EN LAS UTILIDADES - PAGADAS DESPUES DE LA DECLARACIÓN ANUAL DEL IMPUESTO A LA RENTA,NO,NO,NO,NO,NO,NO,NO,SI,NO,NO,NO,SI,SI,NO,NO,,
912,"PENSIONES DE JUBILACIÓN O CESANTÍA, MONTEPÍO O INVALIDEZ",NO,NO,NO,NO,NO,NO,NO,NO,NO,NO,NO,NO,NO,SI,SI,,
913,RECARGO AL CONSUMO,NO,NO,NO,NO,NO,NO,NO,NO,NO,NO,NO,NO,SI,NO,NO,,
914,REFRIGERIO QUE NO ES ALIMENTACIÓN PRINCIPAL,NO,NO,NO,NO,NO,NO,NO,SI,NO,NO,NO,SI,SI,NO,NO,,
915,SUBSIDIOS POR MATERNIDAD,NO,NO,NO,SI,NO,NO,NO,SI,NO,SI,NO,SI,NO,NO,NO,,
916,SUBSIDIOS DE  INCAPACIDAD POR ENFERMEDAD,NO,NO,NO,SI,NO,NO,NO,SI,NO,SI,NO,SI,NO,NO,NO,,
917,CONDICIONES DE TRABAJO,NO,NO,NO,NO,NO,NO,NO,NO,NO,NO,NO,NO,NO,NO,NO,,
918,IMPUESTO A LA RENTA DE QUINTA CATEGORÍA ASUMIDO,SI,SI,SI,SI,SI,SI,SI,SI,SI,SI,SI,SI,NO,NO,NO,,
919,SISTEMA NACIONAL DE PENSIONES ASUMIDO,SI,SI,SI,SI,SI,SI,SI,SI,SI,SI,SI,SI,SI,NO,NO,,
920,SISTEMA PRIVADO DE PENSIONES ASUMIDO,SI,SI,SI,SI,SI,SI,SI,SI,SI,SI,SI,SI,SI,NO,NO,,
921,"PENSIONES DE JUBILACIÓN O CESANTÍA, MONTEPÍO O INVALIDEZ PENDIENTES POR LIQUIDAR",NO,NO,NO,NO,NO,NO,NO,NO,NO,NO,NO,NO,NO,NO,SI,,
922,SUMAS O BIENES QUE NO SON DE LIBRE DISPOSICIÓN,NO,NO,NO,NO,NO,NO,NO,NO,NO,NO,NO,NO,NO,NO,NO,,
923,INGRESOS DE CUARTA CATEGORIA QUE SON CONSIDERADOS DE QUNTA CATEGORIA,NO,NO,NO,NO,NO,NO,NO,SI,NO,NO,NO,SI,SI,NO,NO,,
924,INGRESOS CUARTA-QUINTA SIN RELACIÓN DE DEPENDENCIA  (9),NO,NO,NO,NO,NO,NO,NO,NO,SI (9),SI,NO,NO,SI,NO,NO,,
925,INGRESO DEL PESCADOR Y PROCESADOR ARTESANAL INDEPENDIENTE - BASE DE CALCULO APORTE ESSALUD - LEY 27177,SI,NO,NO,NO,NO,NO,NO,NO,NO,NO,NO,NO,NO,NO,NO,,
926,TRANSFERENCIA DIRECTA AL EXPESCADOR - LEY 30003,NO,NO,NO,NO,NO,NO,NO,NO,NO,NO,NO,NO,NO,SI,NO,Incorporado en la Versión 2.6 del PDT PLAME,
927,BONIFICACIÓN PRIMA TEXTIL,SI,NO,NO,SI,SI,NO,SI,NO,SI,SI,NO,NO,SI,NO,NO,Incorporado en la Versión 2.6 del PDT PLAME,
928,DEVOLUCIÓN RETENCIÓN EXCESO DE IMP. RENTA 5TA CAT.,NO,NO,NO,NO,NO,NO,NO,NO,NO,NO,NO,NO,NO,NO,NO,Incorporado en la Versión 3.4 del PDT PLAME,
929,"OTRAS ASIGN, BONIF QUE FORMAN PARTE REMUNER Y EXCED VALOR DE MERCADO (DIVIDENDOS)",NO,NO,NO,NO,NO,NO,NO,SI,NO,NO,NO,NO,NO,NO,NO,Incorporado en la Versión 3.6 del PDT PLAME,
930,REMUNERACIÓN QUE EXCEDE EL VALOR DE MERCADO (DIVID) DE PERÍODOS ANTERIORES,NO,NO,NO,NO,NO,NO,NO,SI,NO,NO,NO,NO,NO,NO,NO,Incorporado en la Versión 3.7 del PDT PLAME,
931,PARTICIPACIÓN PESCA CAPTURADA,SI,SI,NO,SI,SI,NO,SI,SI,SI,SI,NO,SI,SI,NO,NO,Incorporado en la Versión 4.5 del PDT PLAME,
932,REMUN TRAB PESQUEROS GRAVADA CON REP ARM Y REP TRAB,SI,SI,NO,SI,SI,NO,SI,NO,SI,SI,NO,SI,SI,NO,NO,Incorporado en la Versión 4.5 del PDT PLAME,
1000,OTROS CONCEPTOS,,,,,,,,,,,,,,,,,
1001,OTROS CONCEPTOS 1,SI/NO,SI/NO,SI/NO,SI/NO,SI/NO,SI/NO,SI/NO,SI/NO,SI/NO,SI/NO,SI/NO,SI/NO,SI/NO,SI/NO,SI/NO,,
1002,OTROS CONCEPTOS 2,SI/NO,SI/NO,SI/NO,SI/NO,SI/NO,SI/NO,SI/NO,SI/NO,SI/NO,SI/NO,SI/NO,SI/NO,SI/NO,SI/NO,SI/NO,,
1003,OTROS CONCEPTOS 3,SI/NO,SI/NO,SI/NO,SI/NO,SI/NO,SI/NO,SI/NO,SI/NO,SI/NO,SI/NO,SI/NO,SI/NO,SI/NO,SI/NO,SI/NO,,
1004,OTROS CONCEPTOS 4,SI/NO,SI/NO,SI/NO,SI/NO,SI/NO,SI/NO,SI/NO,SI/NO,SI/NO,SI/NO,SI/NO,SI/NO,SI/NO,SI/NO,SI/NO,,
1005,OTROS CONCEPTOS 5,SI/NO,SI/NO,SI/NO,SI/NO,SI/NO,SI/NO,SI/NO,SI/NO,SI/NO,SI/NO,SI/NO,SI/NO,SI/NO,SI/NO,SI/NO,,
1006,OTROS CONCEPTOS 6,SI/NO,SI/NO,SI/NO,SI/NO,SI/NO,SI/NO,SI/NO,SI/NO,SI/NO,SI/NO,SI/NO,SI/NO,SI/NO,SI/NO,SI/NO,,
1007,OTROS CONCEPTOS 7,SI/NO,SI/NO,SI/NO,SI/NO,SI/NO,SI/NO,SI/NO,SI/NO,SI/NO,SI/NO,SI/NO,SI/NO,SI/NO,SI/NO,SI/NO,,
1008,OTROS CONCEPTOS 8,SI/NO,SI/NO,SI/NO,SI/NO,SI/NO,SI/NO,SI/NO,SI/NO,SI/NO,SI/NO,SI/NO,SI/NO,SI/NO,SI/NO,SI/NO,,
1009,OTROS CONCEPTOS 9,SI/NO,SI/NO,SI/NO,SI/NO,SI/NO,SI/NO,SI/NO,SI/NO,SI/NO,SI/NO,SI/NO,SI/NO,SI/NO,SI/NO,SI/NO,,
1010,OTROS CONCEPTOS 10,SI/NO,SI/NO,SI/NO,SI/NO,SI/NO,SI/NO,SI/NO,SI/NO,SI/NO,SI/NO,SI/NO,SI/NO,SI/NO,SI/NO,SI/NO,,
1011,OTROS CONCEPTOS 11,SI/NO,SI/NO,SI/NO,SI/NO,SI/NO,SI/NO,SI/NO,SI/NO,SI/NO,SI/NO,SI/NO,SI/NO,SI/NO,SI/NO,SI/NO,,
1012,OTROS CONCEPTOS 12,SI/NO,SI/NO,SI/NO,SI/NO,SI/NO,SI/NO,SI/NO,SI/NO,SI/NO,SI/NO,SI/NO,SI/NO,SI/NO,SI/NO,SI/NO,,
1013,OTROS CONCEPTOS 13,SI/NO,SI/NO,SI/NO,SI/NO,SI/NO,SI/NO,SI/NO,SI/NO,SI/NO,SI/NO,SI/NO,SI/NO,SI/NO,SI/NO,SI/NO,,
1014,OTROS CONCEPTOS 14,SI/NO,SI/NO,SI/NO,SI/NO,SI/NO,SI/NO,SI/NO,SI/NO,SI/NO,SI/NO,SI/NO,SI/NO,SI/NO,SI/NO,SI/NO,,
1015,OTROS CONCEPTOS 15,SI/NO,SI/NO,SI/NO,SI/NO,SI/NO,SI/NO,SI/NO,SI/NO,SI/NO,SI/NO,SI/NO,SI/NO,SI/NO,SI/NO,SI/NO,,
1016,OTROS CONCEPTOS 16,SI/NO,SI/NO,SI/NO,SI/NO,SI/NO,SI/NO,SI/NO,SI/NO,SI/NO,SI/NO,SI/NO,SI/NO,SI/NO,SI/NO,SI/NO,,
1017,OTROS CONCEPTOS 17,SI/NO,SI/NO,SI/NO,SI/NO,SI/NO,SI/NO,SI/NO,SI/NO,SI/NO,SI/NO,SI/NO,SI/NO,SI/NO,SI/NO,SI/NO,,
1018,OTROS CONCEPTOS 18,SI/NO,SI/NO,SI/NO,SI/NO,SI/NO,SI/NO,SI/NO,SI/NO,SI/NO,SI/NO,SI/NO,SI/NO,SI/NO,SI/NO,SI/NO,,
1019,OTROS CONCEPTOS 19,SI/NO,SI/NO,SI/NO,SI/NO,SI/NO,SI/NO,SI/NO,SI/NO,SI/NO,SI/NO,SI/NO,SI/NO,SI/NO,SI/NO,SI/NO,,
1020,OTROS CONCEPTOS 20,SI/NO,SI/NO,SI/NO,SI/NO,SI/NO,SI/NO,SI/NO,SI/NO,SI/NO,SI/NO,SI/NO,SI/NO,SI/NO,SI/NO,SI/NO,,
1021,OTROS CONCEPTOS 21,SI/NO,SI/NO,SI/NO,SI/NO,SI/NO,SI/NO,SI/NO,SI/NO,SI/NO,SI/NO,SI/NO,SI/NO,SI/NO,SI/NO,SI/NO,,
1022,OTROS CONCEPTOS 22,SI/NO,SI/NO,SI/NO,SI/NO,SI/NO,SI/NO,SI/NO,SI/NO,SI/NO,SI/NO,SI/NO,SI/NO,SI/NO,SI/NO,SI/NO,,
1023,OTROS CONCEPTOS 23,SI/NO,SI/NO,SI/NO,SI/NO,SI/NO,SI/NO,SI/NO,SI/NO,SI/NO,SI/NO,SI/NO,SI/NO,SI/NO,SI/NO,SI/NO,,
1024,OTROS CONCEPTOS 24,SI/NO,SI/NO,SI/NO,SI/NO,SI/NO,SI/NO,SI/NO,SI/NO,SI/NO,SI/NO,SI/NO,SI/NO,SI/NO,SI/NO,SI/NO,,
1025,OTROS CONCEPTOS 25,SI/NO,SI/NO,SI/NO,SI/NO,SI/NO,SI/NO,SI/NO,SI/NO,SI/NO,SI/NO,SI/NO,SI/NO,SI/NO,SI/NO,SI/NO,,
1026,OTROS CONCEPTOS 26,SI/NO,SI/NO,SI/NO,SI/NO,SI/NO,SI/NO,SI/NO,SI/NO,SI/NO,SI/NO,SI/NO,SI/NO,SI/NO,SI/NO,SI/NO,,
1027,OTROS CONCEPTOS 27,SI/NO,SI/NO,SI/NO,SI/NO,SI/NO,SI/NO,SI/NO,SI/NO,SI/NO,SI/NO,SI/NO,SI/NO,SI/NO,SI/NO,SI/NO,,
1028,OTROS CONCEPTOS 28,SI/NO,SI/NO,SI/NO,SI/NO,SI/NO,SI/NO,SI/NO,SI/NO,SI/NO,SI/NO,SI/NO,SI/NO,SI/NO,SI/NO,SI/NO,,
1029,OTROS CONCEPTOS 29,SI/NO,SI/NO,SI/NO,SI/NO,SI/NO,SI/NO,SI/NO,SI/NO,SI/NO,SI/NO,SI/NO,SI/NO,SI/NO,SI/NO,SI/NO,,
1030,OTROS CONCEPTOS 30,SI/NO,SI/NO,SI/NO,SI/NO,SI/NO,SI/NO,SI/NO,SI/NO,SI/NO,SI/NO,SI/NO,SI/NO,SI/NO,SI/NO,SI/NO,,
1031,OTROS CONCEPTOS 31,SI/NO,SI/NO,SI/NO,SI/NO,SI/NO,SI/NO,SI/NO,SI/NO,SI/NO,SI/NO,SI/NO,SI/NO,SI/NO,SI/NO,SI/NO,,
1032,OTROS CONCEPTOS 32,SI/NO,SI/NO,SI/NO,SI/NO,SI/NO,SI/NO,SI/NO,SI/NO,SI/NO,SI/NO,SI/NO,SI/NO,SI/NO,SI/NO,SI/NO,,
1033,OTROS CONCEPTOS 33,SI/NO,SI/NO,SI/NO,SI/NO,SI/NO,SI/NO,SI/NO,SI/NO,SI/NO,SI/NO,SI/NO,SI/NO,SI/NO,SI/NO,SI/NO,,
1034,OTROS CONCEPTOS 34,SI/NO,SI/NO,SI/NO,SI/NO,SI/NO,SI/NO,SI/NO,SI/NO,SI/NO,SI/NO,SI/NO,SI/NO,SI/NO,SI/NO,SI/NO,,
1035,OTROS CONCEPTOS 35,SI/NO,SI/NO,SI/NO,SI/NO,SI/NO,SI/NO,SI/NO,SI/NO,SI/NO,SI/NO,SI/NO,SI/NO,SI/NO,SI/NO,SI/NO,,
1036,OTROS CONCEPTOS 36,SI/NO,SI/NO,SI/NO,SI/NO,SI/NO,SI/NO,SI/NO,SI/NO,SI/NO,SI/NO,SI/NO,SI/NO,SI/NO,SI/NO,SI/NO,,
1037,OTROS CONCEPTOS 37,SI/NO,SI/NO,SI/NO,SI/NO,SI/NO,SI/NO,SI/NO,SI/NO,SI/NO,SI/NO,SI/NO,SI/NO,SI/NO,SI/NO,SI/NO,,
1038,OTROS CONCEPTOS 38,SI/NO,SI/NO,SI/NO,SI/NO,SI/NO,SI/NO,SI/NO,SI/NO,SI/NO,SI/NO,SI/NO,SI/NO,SI/NO,SI/NO,SI/NO,,
1039,OTROS CONCEPTOS 39,SI/NO,SI/NO,SI/NO,SI/NO,SI/NO,SI/NO,SI/NO,SI/NO,SI/NO,SI/NO,SI/NO,SI/NO,SI/NO,SI/NO,SI/NO,,
1040,OTROS CONCEPTOS 40,SI/NO,SI/NO,SI/NO,SI/NO,SI/NO,SI/NO,SI/NO,SI/NO,SI/NO,SI/NO,SI/NO,SI/NO,SI/NO,SI/NO,SI/NO,,
2000,RÉGIMEN LABORAL PÚBLICO,,,,,,,,,,,,,,,,,
2001,REMUNERACIÓN,SI,SI,SI,SI,SI,SI,SI,NO,SI,SI,SI,NO,SI,NO,NO,,
2002,SALARIO OBREROS,SI,SI,SI,SI,SI,SI,SI,NO,SI,SI,SI,NO,SI,NO,NO,,
2003,BONIFICACIÓN PERSONAL - QUINQUENIO,SI,SI,SI,SI,SI,SI,SI,NO,SI,SI,SI,NO,SI,NO,NO,,
2004,BONIFICACIÓN FAMILIAR,SI,SI,SI,SI,SI,SI,SI,NO,SI,SI,SI,NO,SI,NO,NO,,
2005,BONIFICACIÓN DIFERENCIAL,SI,SI,SI,SI,SI,SI,SI,NO,SI,SI,SI,NO,SI,NO,NO,,
2006,AGUINALDOS,SI,SI,SI,SI,SI,SI,SI,NO,SI,SI,SI,NO,SI,NO,NO,,
2007,REMUNERACIÓN VACACIONAL,SI,SI,SI,SI,SI,SI,SI,NO,SI,SI,SI,NO,SI,NO,NO,,
2008,ASIGNACIÓN POR AÑOS DE SERVICIOS,SI,SI,SI,SI,SI,SI,SI,NO,SI,SI,SI,NO,SI,NO,NO,,
2009,BONIFICACIÓN POR ESCOLARIDAD,NO,NO,NO,NO,NO,NO,NO,NO,NO,NO,NO,NO,SI,NO,NO,,
2010,COMPENSACIÓN POR TIEMPO DE SERVICIOS,NO,NO,NO,NO,NO,NO,NO,NO,NO,NO,NO,NO,NO,NO,NO,,
2011,ALIMENTACIÓN - CAFAE (3),NO,NO,NO,NO,NO,NO,NO,NO,NO,NO,NO,NO,NO,NO,NO,,
2012,MOVILIDAD - CAFAE (3),NO,NO,NO,NO,NO,NO,NO,NO,NO,NO,NO,NO,NO,NO,NO,,
2013,RACIONAMIENTO - CAFAE,NO,NO,NO,NO,NO,NO,NO,NO,NO,NO,NO,NO,NO,NO,NO,,
2014,INCENTIVOS LABORALES - CAFAE (3),NO,NO,NO,NO,NO,NO,NO,NO,NO,NO,NO,NO,NO,NO,NO,,
2015,BONO JURISDICCIONAL/ BONO FISCAL,SI,SI,SI,SI,SI,SI,SI,NO,SI,SI,NO,NO,SI,NO,NO,,
2016,GASTOS OPERATIVOS DE MAGISTRADOS Y FISCALES ,NO,NO,NO,NO,NO,NO,NO,NO,NO,NO,NO,NO,NO,NO,NO,Ajuste en la descripción del concepto (V 3.6),
2017,ASIGNACIÓN POR SERVICIO EXTERIOR,SI,SI,SI,SI,SI,SI,SI,NO,NO,SI,NO,NO,SI,NO,NO,,
2018,BONIFICACIÓN CONSULAR,SI,SI,SI,SI,SI,SI,SI,NO,NO,SI,NO,NO,SI,NO,NO,,
2019,ASIGNACIÓN ESPECIAL PARA DOCENTES UNIVERSITARIOS ,NO,NO,NO,NO,NO,NO,NO,NO,NO,NO,NO,NO,SI,NO,NO,,
2020,HOMOLOGACIÓN  DE DOCENTES UNIVERSITARIOS,SI,SI,SI,SI,SI,SI,SI,NO,SI,SI,NO,NO,SI,NO,NO,,
2021,ASIGNACIÓN ESPECIAL POR LABOR PEDAGÓGICA EFECTIVA,NO,NO,NO,NO,NO,NO,NO,NO,NO,NO,NO,NO,SI,NO,NO,,
2022,ASIGNACIÓN EXTRAORDINARIA POR TRABAJO ASISTENCIAL,NO,NO,NO,NO,NO,NO,NO,NO,NO,NO,NO,NO,SI,NO,NO,,
2023,SERVICIOS EXTRAORDINARIOS PNP,NO,NO,NO,NO,NO,NO,NO,NO,NO,NO,NO,NO,SI,NO,NO,,
2024,ASIGNACIONES FFAA Y PNP,NO,NO,NO,NO,NO,NO,NO,NO,NO,NO,NO,NO,NO,NO,NO,,
2025,COMBUSTIBLE FFAA Y PNP ,NO,NO,NO,NO,NO,NO,NO,NO,NO,NO,NO,NO,NO,NO,NO,,
2026,OTROS INGRESOS REMUNERATIVOS PERSONAL ADMINISTRATIVO,SI,NO,NO,NO,NO,NO,NO,NO,SI,NO,NO,NO,SI,NO,NO,,
2027,OTROS INGRESOS NO REMUNERATIVOS PERSONAL ADMINISTRATIVO,NO,NO,NO,NO,NO,NO,NO,NO,NO,NO,NO,NO,SI,NO,NO,,
2028,OTROS INGRESOS REMUNERATIVOS MAGISTRADOS,SI,NO,NO,NO,NO,NO,NO,NO,SI,NO,NO,NO,SI,NO,NO,,
2029,OTROS INGRESOS NO REMUNERATIVOS MAGISTRADOS,NO,NO,NO,NO,NO,NO,NO,NO,NO,NO,NO,NO,SI,NO,NO,,
2030,OTROS INGRESOS REMUNERATIVOS DOCENTES UNIVERSITARIOS,SI,NO,NO,NO,NO,NO,NO,NO,SI,NO,NO,NO,SI,NO,NO,,
2031,OTROS INGRESOS NO REMUNERATIVOS DOCENTES UNIVERSITARIOS,NO,NO,NO,NO,NO,NO,NO,NO,NO,NO,NO,NO,SI,NO,NO,,
2032,OTROS INGRESOS REMUNERATIVOS PROFESORADO,SI,NO,NO,NO,NO,NO,NO,NO,SI,NO,NO,NO,SI,NO,NO,,
2033,OTROS INGRESOS NO REMUNERATIVOS PROFESORADO,NO,NO,NO,NO,NO,NO,NO,NO,NO,NO,NO,NO,SI,NO,NO,,
2034,OTROS INGRESOS REMUNERATIVOS PROFESIONALES DE LA SALUD,SI,NO,NO,NO,NO,NO,NO,NO,SI,NO,NO,NO,SI,NO,NO,,
2035,OTROS INGRESOS NO REMUNERATIVOS PROFESIONALES DE LA SALUD,NO,NO,NO,NO,NO,NO,NO,NO,NO,NO,NO,NO,SI,NO,NO,,
2036,OTROS INGRESOS REMUNERATIVOS FFAA Y PNP,SI,NO,NO,NO,NO,NO,NO,NO,SI,NO,NO,NO,SI,NO,NO,,
2037,OTROS INGRESOS NO REMUNERATIVOS FFAA Y PNP,NO,NO,NO,NO,NO,NO,NO,NO,NO,NO,NO,NO,SI,NO,NO,,
2038,ASIGNACIÓN ESPECIAL - D.U. 126-2001,NO,NO,NO,NO,NO,NO,NO,NO,NO,NO,NO,NO,SI,NO,NO,,
2039,INGRESOS D.LEG. 1057 - CAS,SI,NO,NO,SI,NO,NO,NO,NO,SI,SI,NO,NO,NO,NO,NO,,
2040,REMUNERACIÓN POR DÍAS CON RELACIÓN LABORAL EN EL PERÍODO  DE UN CAS,SI,SI,SI,SI,SI,SI,SI,NO,SI,SI,NO,NO,SI,NO,NO,,
2041,AGUINALDOS DE JULIO Y DICIEMBRE – LEY 29351,NO,NO,NO,NO,NO,NO,NO,NO,NO,NO,NO,NO,SI,NO,NO,,
2042,BONIFICACIÓN ESPECIAL A SERV PUB - DU 037-94 (5),NO,NO,NO,NO,NO,NO,NO,NO,NO,NO,NO,NO,SI,NO,NO,,
2043,REMUNERACIÓN VACACIONAL-D.LEG. 1057-CAS,SI,NO,NO,SI,NO,NO,NO,NO,SI,SI,NO,NO,NO,NO,NO,,
2044,AGUNALDOS DE JULIO Y DICIEMBRE - D.LEG. 1057 - CAS(6 y 7),NO,NO,NO,NO,NO,NO,NO,NO,NO,NO,NO,NO,NO,NO,NO,,
2045,LICENCIA CON GOCE DE HABER - D.LEG. 1057 - CAS (6),SI,NO,NO,SI,NO,NO,NO,NO,SI,SI,NO,NO,NO,NO,NO,,
2046,VALORIZACIÓN PRINCIPAL - LEY 30057,SI,NO,NO,SI,NO,NO,NO,NO,SI,SI,NO,NO,SI,NO,NO,,
2047,VALORIZACIÓN AJUSTADA - LEY 30057,SI,NO,NO,SI,NO,NO,NO,NO,SI,SI,NO,NO,SI,NO,NO,,
2048,VALORIZACIÓN PRIORIZADA - LEY 30057,NO,NO,NO,NO,NO,NO,NO,NO,NO,NO,NO,NO,NO,NO,NO,,
2049,ENTREGA ECONÓMICA POR VACACIONES - LEY 30057,SI,NO,NO,SI,NO,NO,NO,NO,SI,SI,NO,NO,SI,NO,NO,,
2050,ENTREGA ECONÓMICA POR VACACIONES TRUNCAS - LEY 30057,SI,NO,NO,SI,NO,NO,NO,NO,SI,SI,NO,NO,SI,NO,NO,,
2051,AGUINALDOS POR FIESTAS PATRIAS Y NAVIDAD- LEY 30057 Y LEY  30334,NO,NO,NO,NO,NO,NO,NO,NO,NO,NO,NO,NO,SI,NO,NO,,
2052,AGUINALDOS TRUNCOS POR FIESTAS PATRIAS Y NAVIDAD- LEY 30057 Y LEY  30334,NO,NO,NO,NO,NO,NO,NO,NO,NO,NO,NO,NO,SI,NO,NO,,
2053,AGUINALDOS PROPORCIONALES POR FIESTAS PATRIAS Y NAVIDAD- LEY 30057 Y LEY  30334,NO,NO,NO,NO,NO,NO,NO,NO,NO,NO,NO,NO,SI,NO,NO,,
2054, INDEMNIZ POR DESTITUCIÓN NULA O INJUSTIFICADA - LEY 30057,NO,NO,NO,NO,NO,NO,NO,NO,NO,NO,NO,NO,NO,NO,NO,,
2055,REMUNERACIÓN INTEGRAL MENSUAL - LEY 29944,SI*,NO,NO,SI*,NO,NO,NO,NO,SI*,SI*,NO,NO,SI,NO,NO,,
2056,ASIGNACIÓN POR DIRECTOR DE UNIDAD DE GESTIÓN EDUCATIVA LOCAL - LEY 29944,NO,NO,NO,NO,NO,NO,NO,NO,NO,NO,NO,NO,SI,NO,NO,,
2057,ASIGNACIÓN POR DIRECTOR DE GESTIÓN PEDAGÓGICA - LEY 29944,NO,NO,NO,NO,NO,NO,NO,NO,NO,NO,NO,NO,SI,NO,NO,,
2058,ASIGNACIÓN POR ESPECIALISTA EN EDUCACIÓN - LEY  29944,NO,NO,NO,NO,NO,NO,NO,NO,NO,NO,NO,NO,SI,NO,NO,,
2059,ASIGNACIÓN POR ESPECIALISTA EN INNOVACIÓN E INVESTIGACIÓN - LEY 29944,NO,NO,NO,NO,NO,NO,NO,NO,NO,NO,NO,NO,SI,NO,NO,,
2060,ASIGNACIÓN POR DIRECTOR DE INSTITUCIÓN EDUCATIVA - LEY 29944,NO,NO,NO,NO,NO,NO,NO,NO,NO,NO,NO,NO,SI,NO,NO,,
2061,ASIGNACIÓN POR SUB DIRECTOR DE INSTITUCIÓN EDUCATIVA - LEY 29944,NO,NO,NO,NO,NO,NO,NO,NO,NO,NO,NO,NO,SI,NO,NO,,
2062,ASIGNACIÓN POR CARGOS JERÁRQUICOS DE INSTITUCIÓN EDUCATIVA - LEY  29944,NO,NO,NO,NO,NO,NO,NO,NO,NO,NO,NO,NO,SI,NO,NO,,
2063,"ASIGNACIÓN POR SERVICIO EN INSTITUCIÓN  UNIDOCENTE, MULTIGRADO O BILINGÚE - LEY 29944",NO,NO,NO,NO,NO,NO,NO,NO,NO,NO,NO,NO,SI,NO,NO,,
2064,ASIGNACIÓN POR TRABAJO EN ÁMBITO RURAL O DE FRONTERA  -  LEY  29944,NO,NO,NO,NO,NO,NO,NO,NO,NO,NO,NO,NO,SI,NO,NO,,
2065,"ASIGNACIÓN POR ASESORÍA. FORMACIÓN, CAPACITACIÓN Y/O ACOMPAÑAMIENTO - LEY 29944",NO,NO,NO,NO,NO,NO,NO,NO,NO,NO,NO,NO,SI,NO,NO,,
2066,ASIGNACIÓN POR TIEMPO DE SERVICIOS - LEY 29944,NO,NO,NO,NO,NO,NO,NO,NO,NO,NO,NO,NO,SI,NO,NO,,
2067,ASIGNACIÓN ESPECIAL A PROFESORES DEL VRAEM - Ley 29944,NO,NO,NO,NO,NO,NO,NO,NO,NO,NO,NO,NO,SI,NO,NO,,
2068,INCENTIVO POR EXCELENCIA PROFESIONAL Y DESEMPEÑO DESTACADO - LEY 29944,NO,NO,NO,NO,NO,NO,NO,NO,NO,NO,NO,NO,SI,NO,NO,,
2069,INCENTIVO POR ESTUDIOS DE POSTGRADO - LEY  29944,NO,NO,NO,NO,NO,NO,NO,NO,NO,NO,NO,NO,SI,NO,NO,,
2070,ASIGNACIÓN DIFERENCIADA POR MAESTRÍA Y DOCTORADO - LEY 29944,NO,NO,NO,NO,NO,NO,NO,NO,NO,NO,NO,NO,SI,NO,NO,,
2071,SUBSIDIO POR LUTO Y SEPELIO - LEY 29944,NO,NO,NO,NO,NO,NO,NO,NO,NO,NO,NO,NO,SI,NO,NO,,
2072,COMPENSACIÓN EXTRAORDINARIA TRANSITORIA – LEY 29944,NO,NO,NO,NO,NO,NO,NO,NO,NO,NO,NO,NO,SI,NO,NO,,
2073,DIFERENCIAL SUBSIDIO PAGAGO POR LA ENTIDAD PÚBLICA - D.LEG. 1057-CAS,NO,NO,NO,NO,NO,NO,NO,NO,NO,SI,NO,NO,NO,NO,NO,,
2074,VALORIZACIÓN PRINCIPAL - DEC.LEGISL 1153,SI,NO,NO,SI,NO,NO,NO,NO,SI,SI,NO,NO,SI,NO,NO,Incorporado en la Versión 3.6 del PDT PLAME,
2075,BONIF POR PUESTO DE RESPONS JEFAT DE DPTO O SERVICIO -DL 1153,SI,NO,NO,SI,NO,NO,NO,NO,SI,SI,NO,NO,SI,NO,NO,Incorporado en la Versión 3.6 del PDT PLAME,
2076,"BONIF POR PUESTO DE RESPONS JEFAT EN ESTABLEC DE SALUD I3, I4, MICRORREDES O REDES -DL 1153",SI,NO,NO,SI,NO,NO,NO,NO,SI,SI,NO,NO,SI,NO,NO,Incorporado en la Versión 3.6 del PDT PLAME,
2077,BONIF POR PUESTO ESPEC O DE DEDIC EXCLUS EN SERV DE SALUD PÚBLICA - DL 1153,SI,NO,NO,SI,NO,NO,NO,NO,SI,SI,NO,NO,SI,NO,NO,Incorporado en la Versión 3.6 del PDT PLAME,
2078,BONIF POR PUESTO ESPECIFICO - DL 1153,SI,NO,NO,SI,NO,NO,NO,NO,SI,SI,NO,NO,SI,NO,NO,Incorporado en la Versión 3.6 del PDT PLAME,
2079,BONIF POR PUESTO EN SERV DE SALUD PUBLICA-DL 1153,SI,NO,NO,SI,NO,NO,NO,NO,SI,SI,NO,NO,SI,NO,NO,Incorporado en la Versión 3.6 del PDT PLAME,
2080,DESCANSO VACACIONAL -- DL 1153,SI,NO,NO,SI,NO,NO,NO,NO,SI,SI,NO,NO,SI,NO,NO,Incorporado en la Versión 3.6 del PDT PLAME,
2081,DESCANSO VACACIONAL PROPORC -- DL 1153,SI,NO,NO,SI,NO,NO,NO,NO,SI,SI,NO,NO,SI,NO,NO,Incorporado en la Versión 3.6 del PDT PLAME,
2082,VAL PRIORIZ ZONA ALEJADA DE FRONTERA - DL 1153,NO,NO,NO,NO,NO,NO,NO,NO,NO,NO,NO,NO,SI,NO,NO,Incorporado en la Versión 3.6 del PDT PLAME,
2083,VAL PRIORIZ ZONA DE EMERGENCIA  - DL 1153,NO,NO,NO,NO,NO,NO,NO,NO,NO,NO,NO,NO,SI,NO,NO,Incorporado en la Versión 3.6 del PDT PLAME,
2084,VAL PRIORIZ ATENCIÓN PRIMARIA DE SALUD  - DL 1153,NO,NO,NO,NO,NO,NO,NO,NO,NO,NO,NO,NO,SI,NO,NO,Incorporado en la Versión 3.6 del PDT PLAME,
2085,VAL PRIORIZ ATENCIÓN ESPECIALIZADA  - DL 1153,NO,NO,NO,NO,NO,NO,NO,NO,NO,NO,NO,NO,SI,NO,NO,Incorporado en la Versión 3.6 del PDT PLAME,
2086,VAL PRIORIZ ATENCIÓN EN SERV CRÍTICOS  - DL 1153,NO,NO,NO,NO,NO,NO,NO,NO,NO,NO,NO,NO,SI,NO,NO,Incorporado en la Versión 3.6 del PDT PLAME,
2087,VAL PRIORIZ ATENCIÓN ESPEC DE SOPORTE  - DL 1153,NO,NO,NO,NO,NO,NO,NO,NO,NO,NO,NO,NO,SI,NO,NO,Incorporado en la Versión 3.6 del PDT PLAME,
2088,SERVICIOS DE GUARDIA,NO,NO,NO,NO,NO,NO,NO,NO,NO,NO,NO,NO,SI,NO,NO,Incorporado en la Versión 3.6 del PDT PLAME,
2089,SERVV COMPLEMENTARIO EN SALUD - DL 1153,NO,NO,NO,NO,NO,NO,NO,NO,NO,NO,NO,NO,SI,NO,NO,Incorporado en la Versión 3.6 del PDT PLAME,
2090,ENTREGA ECON POR 25 AÑOS DE SERVICIO - DL 1153,NO,NO,NO,NO,NO,NO,NO,NO,NO,NO,NO,NO,SI,NO,NO,Incorporado en la Versión 3.6 del PDT PLAME,
2091,ENTREGA ECON POR 30  AÑOS DE SERVICIO - DL 1153,NO,NO,NO,NO,NO,NO,NO,NO,NO,NO,NO,NO,SI,NO,NO,Incorporado en la Versión 3.6 del PDT PLAME,
2092,ENTREGA ECON POR LUTO Y SEPELIO - DL 1153,NO,NO,NO,NO,NO,NO,NO,NO,NO,NO,NO,NO,SI,NO,NO,Incorporado en la Versión 3.6 del PDT PLAME,
2093,"ASIGN POR CUMPLIM DE METAS INST, INDIC DESEMP - DL 1153",NO,NO,NO,NO,NO,NO,NO,NO,NO,NO,NO,NO,SI,NO,NO,Incorporado en la Versión 3.6 del PDT PLAME,
2094,GASTOS OPERATIVOS DE MAGISTRADOS Y FISCALES  NO CONSTITUYE CONDICIÓN DE TRABAJO,NO,NO,NO,NO,NO,NO,NO,NO,NO,NO,NO,NO,SI,NO,NO,,
2095,MONTO ÚNICO CONSOLIDADO (MUC) DU 038-2019,SI,NO,NO,SI,NO,NO,SI,NO,SI,SI,SI,NO,SI,NO,NO,Incorporado en la Versión 4.1 del PDT PLAME,
2096,ASIGNACIÓN POR CUMPLIR 25 AÑOS DE SERV DU 038-2019,NO,NO,NO,NO,NO,NO,NO,NO,NO,NO,NO,NO,SI,NO,NO,Incorporado en la Versión 4.1 del PDT PLAME,
2097,ASIGNACIÓN POR CUMPLIR 30 AÑOS DE SERV DU 038-2019,NO,NO,NO,NO,NO,NO,NO,NO,NO,NO,NO,NO,SI,NO,NO,Incorporado en la Versión 4.1 del PDT PLAME,
2098,ASIGNACIÓN POR LUTO Y SEPELIO DU 038-2019,NO,NO,NO,NO,NO,NO,NO,NO,NO,NO,NO,NO,SI,NO,NO,Incorporado en la Versión 4.1 del PDT PLAME,
2099,BET FIJO IMPONIBLE (DL 276),SI,NO,NO,SI,NO,NO,SI,NO,SI,SI,SI,NO,SI,NO,NO,Incorporado en la Versión 4.1 del PDT PLAME Optimiz 1,
2100,BET FIJO NO IMPONIBLE (DL 276),NO,NO,NO,SI,NO,NO,SI,NO,SI,SI,SI,NO,SI,NO,NO,Incorporado en la Versión 4.1 del PDT PLAME Optimiz 1,
2101,BET VARIABLE BONIFICACIÓN FAMILIAR (DL 276),NO,NO,NO,NO,NO,NO,NO,NO,NO,NO,NO,NO,SI,NO,NO,Incorporado en la Versión 4.1 del PDT PLAME Optimiz 1,
2102,BET VARIABLE BONIFICACIÓN DIFERENCIAL PERMANENTE (DL 276),NO,NO,NO,NO,NO,NO,NO,NO,NO,NO,NO,NO,SI,NO,NO,Incorporado en la Versión 4.1 del PDT PLAME Optimiz 1,
2103,BET VARIABLE BONIFICACIÓN DIFERENCIAL TEMPORAL (DL 276),NO,NO,NO,NO,NO,NO,NO,NO,NO,NO,NO,NO,SI,NO,NO,Incorporado en la Versión 4.1 del PDT PLAME Optimiz 1,
2104,BET VARIABLE CENTROS DE PRODUC Y SIMILARES (DL 276),NO,NO,NO,NO,NO,NO,NO,NO,NO,NO,NO,NO,SI,NO,NO,Incorporado en la Versión 4.1 del PDT PLAME Optimiz 1,
2105,BET VARIABLE OTROS DETERMIN POR LA DGGFRH (DL 276),NO,NO,NO,NO,NO,NO,NO,NO,NO,NO,NO,NO,SI,NO,NO,Incorporado en la Versión 4.1 del PDT PLAME Optimiz 1,
2106,COMPENSACIÓN POR VACACIONES TRUNCAS DU 38-2019 (DL 276),NO,NO,NO,NO,NO,NO,NO,NO,NO,NO,NO,NO,SI,NO,NO,Incorporado en la Versión 4.1 del PDT PLAME Optimiz 1,
2107,SUBSIDIO POR GASTOS DE SEPELIO (DL 276),NO,NO,NO,NO,NO,NO,NO,NO,NO,NO,NO,NO,SI,NO,NO,Incorporado en la Versión 4.1 del PDT PLAME Optimiz 1,
2108,MUC Y BET AFECTO A CARGAS SOCIALES NOTIF EN RD,SI,NO,NO,SI,NO,NO,SI,NO,SI,SI,SI,NO,SI,NO,NO,Incorporado en la Versión 4.1 del PDT PLAME Optimiz 1,
2109,MUC Y BET NO AFECTO A CARGAS SOCIALES,NO,NO,NO,NO,NO,NO,NO,NO,NO,NO,NO,NO,SI,NO,NO,Incorporado en la Versión 4.1 del PDT PLAME Optimiz 1,
2110,ASIGNACIÓN POR DESEMPEÑO EN PUESTOS DE GESTIÓN PEDAGÓGICA,NO,NO,NO,NO,NO,NO,NO,NO,NO,NO,NO,NO,SI,NO,NO,Incorporado en la Versión 4.1 del PDT PLAME Optimiz 1,
2111,ASIG POR DESEMPEÑO EN PUESTO DE DIRECTOR GRAL (EESP),NO,NO,NO,NO,NO,NO,NO,NO,NO,NO,NO,NO,SI,NO,NO,Incorporado en la Versión 4.1 del PDT PLAME Optimiz 1,
2112,"BONIF POR INSTIT EDUC UNIDOCENTE, MULTIGRADO O BILINGÜE",NO,NO,NO,NO,NO,NO,NO,NO,NO,NO,NO,NO,SI,NO,NO,Incorporado en la Versión 4.1 del PDT PLAME Optimiz 1,
2113,BONIF. POR PRESTAR SERVICIO EN ÁMBITO RURAL O FRONTERA,NO,NO,NO,NO,NO,NO,NO,NO,NO,NO,NO,NO,SI,NO,NO,Incorporado en la Versión 4.1 del PDT PLAME Optimiz 1,
2114,BONIFICACIÓN POR PALMAS MAGISTERIALES,NO,NO,NO,NO,NO,NO,NO,NO,NO,NO,NO,NO,SI,NO,NO,Incorporado en la Versión 4.1 del PDT PLAME Optimiz 1,
2115,PREMIO ANUAL POR RESULTADOS DESTACADOS,NO,NO,NO,NO,NO,NO,NO,NO,NO,NO,NO,NO,SI,NO,NO,Incorporado en la Versión 4.1 del PDT PLAME Optimiz 1,
2116,BONO DE INCENTIVO AL DESEMPEÑO ESCOLAR,NO,NO,NO,NO,NO,NO,NO,NO,NO,NO,NO,NO,SI,NO,NO,Incorporado en la Versión 4.1 del PDT PLAME Optimiz 1,
2117,ASIG ESPECIAL POR DESEMPEÑO EN ZONAS CATEGORIZADAS,NO,NO,NO,NO,NO,NO,NO,NO,NO,NO,NO,NO,SI,NO,NO,Incorporado en la Versión 4.3 del PDT PLAME Release 3,
2118,ASIG POR DESEMPEÑO COMO JEFE DE ÓRGANO DE CONTROL INSTITUCIONAL,NO,NO,NO,NO,NO,NO,NO,NO,NO,NO,NO,NO,SI,NO,NO,Incorporado en la Versión 4.3 del PDT PLAME Release 3,
Nota importante:,,,FFAA =,Fuerzas Armadas,,,CAFAE =,Comité de Administración del Fondo de Asistencia y Estímulo,,,,,,,,,,
SI = Concepto con afectación,,,PNP =,Policia Nacional del Perú,,,,,,,,,,,,,,
NO = Concepto sin afectación,,,,,,,,,,,,,,,,,,
"En el caso que se utilicen los códigos 1001 al 1020 (""Otros Conceptos""), estos pueden ser definidos libremente por el Empleador, debiéndose consignar obligatoriamente la descripción del concepto habilitado.",,,,,,,,,,,,,,,,,,
" la descripción del concepto remunerativo y/o no remunerativo, así como su afectación.",,,,,,,,,,,,,,,,,,
" (1) La asignación o bonificación por educación no están gravadas con las aportaciones a EsSalud, siempre que sean por un monto razonable y se encuentren debidamente sustentadas.",,,,,,,,,,,,,,,,,,
 (2) La asignación es distinta a las comprendidas en el inciso g) del articulo 19° de la Ley de Compensación por tiempo de Servicios.,,,,,,,,,,,,,,,,,,
 (3) Conceptos enmarcados dentro de lo dispuesto en el Decreto Supremo N° 005-90-PCM.,,,,,,,,,,,,,,,,,,
 (4) El incentivo que no está gravado es el contemplado en el articulo 18° de la Ley del Impuesto a la Renta.,,,,,,,,,,,,,,,,,,
(5) Concepto sustituido por la R.S. N.° 290-2012/SUNAT. (Publicado el 8.12.2012),,,,,,,,,,,,,,,,,,
"(6) Conceptos contemplados en la Ley Nº 29849 vigente a partir del 07/04/2012, norma que otorgó derechos adicionales a los prestadores CAS.  Incorporadoen el PDT PLAME V2.4.",,,,,,,,,,,,,,,,,,
(7) Concepto que se encuentra incluido dentro del ámbito de aplicación de la Ley Nº 29351 y su norma modificatoria. Incorporado en el PDT PLAME V 2.4.,,,,,,,,,,,,,,,,,,
(8) Derogado por la Ley N.° 28378. Se mantiene vigente para empresas privadas que hayan suscrito Convenios de Estabilidad que incluya el IES (que sustituyó al FONAVI).,,,,,,,,,,,,,,,,,,
600,APORTACIONES DEL TRABAJADOR / PENSIONISTA,,,,,,,,,,,,,,,,,
601,SISTEMA PRIVADO DE PENSIONES - COMISIÓN PORCENTUAL,,,,,,,,,,,,,,,,,
602,CONAFOVICER,,,,,,,,,,,,,,,,,
603,CONTRIBUCIÓN SOLIDARIA PARA LA ASISTENCIA PREVISIONAL,,,,,,,,,,,,,,,,,
604,ESSALUD +VIDA,,,,,,,,,,,,,,,,,
605,RENTA QUINTA CATEGORÍA RETENCIONES,,,,,,,,,,,,,,,,,
606,SISTEMA PRIVADO DE PENSIONES - PRIMA DE SEGURO,,,,,,,,,,,,,,,,,
607,SISTEMA NACIONAL DE PENSIONES - D.L.19990,,,,,,,,,,,,,,,,,
608,SISTEMA PRIVADO DE PENSIONES - APORTACIÓN OBLIGATORIA,,,,,,,,,,,,,,,,,
609,SISTEMA PRIVADO DE PENSIONES - APORTACIÓN VOLUNTARIA,,,,,,,,,,,,,,,,,
610,ESSALUD - SEGURO REGULAR - PENSIONISTA,,,,,,,,,,,,,,,,,
611,OTROS APORTACIONES DEL TRABAJADOR / PENSIONISTA,,,,,,,,,,,,,,,,,
612,SISTEMA NACIONAL DE PENSIONES - ASEGURA TU PENSIÓN,,,,,,,,,,,,,,,,,
613,RÉGIMEN PENSIONARIO - D.L. 20530,,,,,,,,,,,,,,,,,
614,RÉGIMEN PENSIONARIO DEL SERV. DIPLOMÁTICO,,,,,,,,,,,,,,,,,
615,RÉGIMEN DE PENSIONES MILITAR-POLICIAL,,,,,,,,,,,,,,,,,
616,APORTE MENSUAL AL FCJMMS  -  LEY 29741 (1),,,,,,,,,,,,,,,,,
617,CUOTA- FRACCIONAMIENTO- FONDO CJMMS - LEY 29741  (2),,,,,,,,,,,,,,,,,
618,RENTA CUARTA CATEGORÍA RETENCIONES –CAS,Incorporado en la V 2.4 del  PDT PLAME,,,,,,,,,,,,,,,,
619,SNP – TRABAJADOR INDEPENDIENTE - LEY 29903,Incorporado en la V  2.5 del  PDT PLAME,,,,,,,,,,,,,,,,
620,REP - TRAB. PESQUERO LEY 30003 – RETENCIÓN,Incorporado en la V  2.6 del  PDT PLAME,,,,,,,,,,,,,,,,
621,RENTA QUINTA CATEGORÍA REGUL EJERC ANTERIOR,Incorporado en la V  3.3 del  PDT PLAME,,,,,,,,,,,,,,,,
700,DESCUENTOS AL TRABAJADOR,,,,,,,,,,,,,,,,,
701,ADELANTO,,,,,,,,,,,,,,,,,
702,CUOTA SINDICAL,,,,,,,,,,,,,,,,,
703,DESCUENTO AUTORIZADO U ORDENADO POR MANDATO JUDICIAL,,,,,,,,,,,,,,,,,
704,TARDANZAS,,,,,,,,,,,,,,,,,
705,INASISTENCIAS,,,,,,,,,,,,,,,,,
706,OTROS DESCUENTOS NO DEDUCIBLES DE LA BASE IMPONIBLE ,,,,,,,,,,,,,,,,,
707,OTROS DESCUENTOS DEDUCIBLES DE LA BASE IMPONIBLE ,,,,,,,,,,,,,,,,,
800,APORTACIONES DE CARGO DEL EMPLEADOR,,,,,,,,,,,,,,,,,
801,SISTEMA PRIVADO DE PENSIONES - APORTACIÓN VOLUNTARIA,,,,,,,,,,,,,,,,,
802,FONDO DE DERECHOS SOCIALES DEL ARTISTA,,,,,,,,,,,,,,,,,
803,PÓLIZA DE SEGURO - D. LEG. 688,,,,,,,,,,,,,,,,,
804,"ESSALUD (SEGURO REGULAR, CBBSP, AGRARIO/ACUICULTOR) - TRABAJADOR",,,,,,,,,,,,,,,,,
805,PENSIONES – SEGURO COMPLEMENTARIO DE TRABAJO DE RIESGO,,,,,,,,,,,,,,,,,
806,ESSALUD – SEGURO COMPLEMENTARIO DE TRABAJO DE RIESGO,,,,,,,,,,,,,,,,,
807,SENATI,,,,., ,,,,,,,,,,,,
808,IMPUESTO EXTRAORDINARIO DE SOLIDARIDAD,,,,,,,,,,,,,,,,,
809,OTRAS APORTACIONES DE CARGO DEL EMPLEADOR,,,,,,,,,,,,,,,,,
810,EPS - SEGURO COMPLEMENTARIO DE TRABAJO DE RIESGO,,,,,,,,,,,,,,,,,
811,SEGURO INTEGRAL DE SALUD - SIS,,,,,,,,,,,,,,,,,
0812,REP – TRAB. PESQUERO LEY 30003 – EMPLEADOR,Incorporado en la V  2.6 del  PDT PLAME,,,,,,,,,,,,,,,,
0813,ONP - SEGURO COMPLEMENTARIO DE TRABAJO DE RIESGO,Incorporado en la V  3.0 del  PDT PLAME,,,,,,,,,,,,,,,,
0814,COMPAÑÍA SEGURO - SEGURO COMPLEMENTARIO DE TRABAJO DE RIESGO,Incorporado en la V  3.0 del  PDT PLAME,,,,,,,,,,,,,,,,
0815,ESSALUD +VIDA (3),Incorporado en la versión 4.1 del PDT PLAME Optimiz 1,,,,,,,,,,,,,,,,
0816,FCJTP,Incorporado en la Versión 4.5 del PDT PLAME,,,,,,,,,,,,,,,,
0817,Fondo de Capacitación de la Construcción (4),Incorporado en la Versión 4.6 del PDT PLAME,,,,,,,,,,,,,,,,
"(1) Modificado, a partir de la versión 1.92 del PDT 601 y 2.2 del PDT PLAME. Habilitado para la recaudación del aporte al FCJMMS.",,,,,,,,,,,,,,,,,,
"(2) Incorporado, a partir de la versión 1.93 del PDT 601 y 2.3 del PDT PLAME. Habilitado para la recaudación de cuotas del fraccionamiento de aportes devengados a abril de 2012, al FCJMMS.",,,,,,,,,,,,,,,,,,
